INSERT INTO `db_gecon`.`td_perfil` (`idt_perfil`, `nme_perfil`) VALUES (1, 'Administrador');
INSERT INTO `db_gecon`.`td_perfil` (`idt_perfil`, `nme_perfil`) VALUES (2, 'Funcionário');
INSERT INTO `db_gecon`.`td_perfil` (`idt_perfil`, `nme_perfil`) VALUES (3, 'Morador');

INSERT INTO `db_gecon`.`tb_pessoa` (`idt_pessoa`, `nme_pessoa`, `cpf_pessoa`, `dta_nasc_pessoa`, `eml_pessoa`, `tel_pessoa`) VALUES (1 ,"Heitor Rodrigo José Almeida", "83089323478", "1996-01-25", "heitorrodrigojosealmeida@email.com", "9836079992");
INSERT INTO `db_gecon`.`tb_pessoa` (`idt_pessoa`, `nme_pessoa`, `cpf_pessoa`, `dta_nasc_pessoa`, `eml_pessoa`, `tel_pessoa`) VALUES (2 ,"Anthony Kevin Moreira", "77979549686", "1994-05-25", "aanthonykevinmoreira@bzness.com", "8139631502");
INSERT INTO `db_gecon`.`tb_pessoa` (`idt_pessoa`, `nme_pessoa`, `cpf_pessoa`, `dta_nasc_pessoa`, `eml_pessoa`, `tel_pessoa`) VALUES (3 ,"Jorge Hugo da Cruz", "72229373234", "1989-12-10", "jorgehugodacruz@carreira.com", "6328879895");
INSERT INTO `db_gecon`.`tb_pessoa` (`idt_pessoa`, `nme_pessoa`, `cpf_pessoa`, `dta_nasc_pessoa`, `eml_pessoa`, `tel_pessoa`) VALUES (4 ,"Ricardo Breno Alves", "46065420204", "1985-10-17", "ricardobrenoalves@me.com", "4927007905");
INSERT INTO `db_gecon`.`tb_pessoa` (`idt_pessoa`, `nme_pessoa`, `cpf_pessoa`, `dta_nasc_pessoa`, `eml_pessoa`, `tel_pessoa`) VALUES (5 ,"Victor Kaique Cardoso", "40309503450", "1992-06-21", "victorkaiquecardoso@hpelzer.com", "9536296625");
INSERT INTO `db_gecon`.`tb_pessoa` (`idt_pessoa`, `nme_pessoa`, `cpf_pessoa`, `dta_nasc_pessoa`, `eml_pessoa`, `tel_pessoa`) VALUES (6 ,"Louise Gabriela Figueiredo", "77076576082", "1996-09-17", "louisegabrielafigueiredo@zootecnista.com.br", "7539611453");
INSERT INTO `db_gecon`.`tb_pessoa` (`idt_pessoa`, `nme_pessoa`, `cpf_pessoa`, `dta_nasc_pessoa`, `eml_pessoa`, `tel_pessoa`) VALUES (7 ,"Sandra Agatha Caldeira", "81454738618", "1995-10-09", "sandraagathacaldeira@uol.om.br", "2135860429");
INSERT INTO `db_gecon`.`tb_pessoa` (`idt_pessoa`, `nme_pessoa`, `cpf_pessoa`, `dta_nasc_pessoa`, `eml_pessoa`, `tel_pessoa`) VALUES (8 ,"Daiane Silvana Assunção", "84712696435", "1994-04-19", "daianesilvanaassuncao-77@infolink.com.br", "3837145884");
INSERT INTO `db_gecon`.`tb_pessoa` (`idt_pessoa`, `nme_pessoa`, `cpf_pessoa`, `dta_nasc_pessoa`, `eml_pessoa`, `tel_pessoa`) VALUES (9 ,"Lara Daiane Aparício", "69550113400", "1990-05-12", "laradaianeaparicio@dpf.gov.br", "8438625075");
INSERT INTO `db_gecon`.`tb_pessoa` (`idt_pessoa`, `nme_pessoa`, `cpf_pessoa`, `dta_nasc_pessoa`, `eml_pessoa`, `tel_pessoa`) VALUES (10,"Marlene Lara Fernandes", "51573963259", "1988-07-08", "marlenelarafernandes-85@profemme.com.br", "6335510935");

INSERT INTO `db_gecon`.`tb_condominio` (`idt_condominio`, `nme_condominio`, `dsc_local_condominio`) VALUES (1, "Condominio UniCEUB", "SEPN 707/907 - Asa Norte - Brasília");

INSERT INTO `db_gecon`.`tb_residencia` (`idt_residencia`, `cod_condominio`, `dsc_bloco_residencia`, `dsc_residencia`) VALUES (1 , 1, "Bloco A", "Lote 1 ");
INSERT INTO `db_gecon`.`tb_residencia` (`idt_residencia`, `cod_condominio`, `dsc_bloco_residencia`, `dsc_residencia`) VALUES (2 , 1, "Bloco A", "Lote 2 ");
INSERT INTO `db_gecon`.`tb_residencia` (`idt_residencia`, `cod_condominio`, `dsc_bloco_residencia`, `dsc_residencia`) VALUES (3 , 1, "Bloco A", "Lote 3 ");
INSERT INTO `db_gecon`.`tb_residencia` (`idt_residencia`, `cod_condominio`, `dsc_bloco_residencia`, `dsc_residencia`) VALUES (4 , 1, "Bloco A", "Lote 4 ");
INSERT INTO `db_gecon`.`tb_residencia` (`idt_residencia`, `cod_condominio`, `dsc_bloco_residencia`, `dsc_residencia`) VALUES (5 , 1, "Bloco A", "Lote 5 ");
INSERT INTO `db_gecon`.`tb_residencia` (`idt_residencia`, `cod_condominio`, `dsc_bloco_residencia`, `dsc_residencia`) VALUES (6 , 1, "Bloco A", "Lote 6 ");
INSERT INTO `db_gecon`.`tb_residencia` (`idt_residencia`, `cod_condominio`, `dsc_bloco_residencia`, `dsc_residencia`) VALUES (7 , 1, "Bloco A", "Lote 7 ");
INSERT INTO `db_gecon`.`tb_residencia` (`idt_residencia`, `cod_condominio`, `dsc_bloco_residencia`, `dsc_residencia`) VALUES (8 , 1, "Bloco A", "Lote 8 ");
INSERT INTO `db_gecon`.`tb_residencia` (`idt_residencia`, `cod_condominio`, `dsc_bloco_residencia`, `dsc_residencia`) VALUES (9 , 1, "Bloco A", "Lote 9 ");
INSERT INTO `db_gecon`.`tb_residencia` (`idt_residencia`, `cod_condominio`, `dsc_bloco_residencia`, `dsc_residencia`) VALUES (10, 1, "Bloco A", "Lote 10");
INSERT INTO `db_gecon`.`tb_residencia` (`idt_residencia`, `cod_condominio`, `dsc_bloco_residencia`, `dsc_residencia`) VALUES (11, 1, "Bloco B", "Lote 1 ");
INSERT INTO `db_gecon`.`tb_residencia` (`idt_residencia`, `cod_condominio`, `dsc_bloco_residencia`, `dsc_residencia`) VALUES (12, 1, "Bloco B", "Lote 2 ");
INSERT INTO `db_gecon`.`tb_residencia` (`idt_residencia`, `cod_condominio`, `dsc_bloco_residencia`, `dsc_residencia`) VALUES (13, 1, "Bloco B", "Lote 3 ");
INSERT INTO `db_gecon`.`tb_residencia` (`idt_residencia`, `cod_condominio`, `dsc_bloco_residencia`, `dsc_residencia`) VALUES (14, 1, "Bloco B", "Lote 4 ");
INSERT INTO `db_gecon`.`tb_residencia` (`idt_residencia`, `cod_condominio`, `dsc_bloco_residencia`, `dsc_residencia`) VALUES (15, 1, "Bloco B", "Lote 5 ");
INSERT INTO `db_gecon`.`tb_residencia` (`idt_residencia`, `cod_condominio`, `dsc_bloco_residencia`, `dsc_residencia`) VALUES (16, 1, "Bloco B", "Lote 6 ");
INSERT INTO `db_gecon`.`tb_residencia` (`idt_residencia`, `cod_condominio`, `dsc_bloco_residencia`, `dsc_residencia`) VALUES (17, 1, "Bloco B", "Lote 7 ");
INSERT INTO `db_gecon`.`tb_residencia` (`idt_residencia`, `cod_condominio`, `dsc_bloco_residencia`, `dsc_residencia`) VALUES (18, 1, "Bloco B", "Lote 8 ");
INSERT INTO `db_gecon`.`tb_residencia` (`idt_residencia`, `cod_condominio`, `dsc_bloco_residencia`, `dsc_residencia`) VALUES (19, 1, "Bloco B", "Lote 9 ");
INSERT INTO `db_gecon`.`tb_residencia` (`idt_residencia`, `cod_condominio`, `dsc_bloco_residencia`, `dsc_residencia`) VALUES (20, 1, "Bloco B", "Lote 10");
INSERT INTO `db_gecon`.`tb_residencia` (`idt_residencia`, `cod_condominio`, `dsc_bloco_residencia`, `dsc_residencia`) VALUES (21, 1, "Bloco C", "Lote 1 ");
INSERT INTO `db_gecon`.`tb_residencia` (`idt_residencia`, `cod_condominio`, `dsc_bloco_residencia`, `dsc_residencia`) VALUES (22, 1, "Bloco C", "Lote 2 ");
INSERT INTO `db_gecon`.`tb_residencia` (`idt_residencia`, `cod_condominio`, `dsc_bloco_residencia`, `dsc_residencia`) VALUES (23, 1, "Bloco C", "Lote 3 ");
INSERT INTO `db_gecon`.`tb_residencia` (`idt_residencia`, `cod_condominio`, `dsc_bloco_residencia`, `dsc_residencia`) VALUES (24, 1, "Bloco C", "Lote 4 ");
INSERT INTO `db_gecon`.`tb_residencia` (`idt_residencia`, `cod_condominio`, `dsc_bloco_residencia`, `dsc_residencia`) VALUES (25, 1, "Bloco C", "Lote 5 ");
INSERT INTO `db_gecon`.`tb_residencia` (`idt_residencia`, `cod_condominio`, `dsc_bloco_residencia`, `dsc_residencia`) VALUES (26, 1, "Bloco C", "Lote 6 ");
INSERT INTO `db_gecon`.`tb_residencia` (`idt_residencia`, `cod_condominio`, `dsc_bloco_residencia`, `dsc_residencia`) VALUES (27, 1, "Bloco C", "Lote 7 ");
INSERT INTO `db_gecon`.`tb_residencia` (`idt_residencia`, `cod_condominio`, `dsc_bloco_residencia`, `dsc_residencia`) VALUES (28, 1, "Bloco C", "Lote 8 ");
INSERT INTO `db_gecon`.`tb_residencia` (`idt_residencia`, `cod_condominio`, `dsc_bloco_residencia`, `dsc_residencia`) VALUES (29, 1, "Bloco C", "Lote 9 ");
INSERT INTO `db_gecon`.`tb_residencia` (`idt_residencia`, `cod_condominio`, `dsc_bloco_residencia`, `dsc_residencia`) VALUES (30, 1, "Bloco C", "Lote 10");
INSERT INTO `db_gecon`.`tb_residencia` (`idt_residencia`, `cod_condominio`, `dsc_bloco_residencia`, `dsc_residencia`) VALUES (31, 1, "Bloco D", "Lote 1 ");
INSERT INTO `db_gecon`.`tb_residencia` (`idt_residencia`, `cod_condominio`, `dsc_bloco_residencia`, `dsc_residencia`) VALUES (32, 1, "Bloco D", "Lote 2 ");
INSERT INTO `db_gecon`.`tb_residencia` (`idt_residencia`, `cod_condominio`, `dsc_bloco_residencia`, `dsc_residencia`) VALUES (33, 1, "Bloco D", "Lote 3 ");
INSERT INTO `db_gecon`.`tb_residencia` (`idt_residencia`, `cod_condominio`, `dsc_bloco_residencia`, `dsc_residencia`) VALUES (34, 1, "Bloco D", "Lote 4 ");
INSERT INTO `db_gecon`.`tb_residencia` (`idt_residencia`, `cod_condominio`, `dsc_bloco_residencia`, `dsc_residencia`) VALUES (35, 1, "Bloco D", "Lote 5 ");
INSERT INTO `db_gecon`.`tb_residencia` (`idt_residencia`, `cod_condominio`, `dsc_bloco_residencia`, `dsc_residencia`) VALUES (36, 1, "Bloco D", "Lote 6 ");
INSERT INTO `db_gecon`.`tb_residencia` (`idt_residencia`, `cod_condominio`, `dsc_bloco_residencia`, `dsc_residencia`) VALUES (37, 1, "Bloco D", "Lote 7 ");
INSERT INTO `db_gecon`.`tb_residencia` (`idt_residencia`, `cod_condominio`, `dsc_bloco_residencia`, `dsc_residencia`) VALUES (38, 1, "Bloco D", "Lote 8 ");
INSERT INTO `db_gecon`.`tb_residencia` (`idt_residencia`, `cod_condominio`, `dsc_bloco_residencia`, `dsc_residencia`) VALUES (39, 1, "Bloco D", "Lote 9 ");
INSERT INTO `db_gecon`.`tb_residencia` (`idt_residencia`, `cod_condominio`, `dsc_bloco_residencia`, `dsc_residencia`) VALUES (40, 1, "Bloco D", "Lote 10");
INSERT INTO `db_gecon`.`tb_residencia` (`idt_residencia`, `cod_condominio`, `dsc_bloco_residencia`, `dsc_residencia`) VALUES (41, 1, "Bloco E", "Lote 1 ");
INSERT INTO `db_gecon`.`tb_residencia` (`idt_residencia`, `cod_condominio`, `dsc_bloco_residencia`, `dsc_residencia`) VALUES (42, 1, "Bloco E", "Lote 2 ");
INSERT INTO `db_gecon`.`tb_residencia` (`idt_residencia`, `cod_condominio`, `dsc_bloco_residencia`, `dsc_residencia`) VALUES (43, 1, "Bloco E", "Lote 3 ");
INSERT INTO `db_gecon`.`tb_residencia` (`idt_residencia`, `cod_condominio`, `dsc_bloco_residencia`, `dsc_residencia`) VALUES (44, 1, "Bloco E", "Lote 4 ");
INSERT INTO `db_gecon`.`tb_residencia` (`idt_residencia`, `cod_condominio`, `dsc_bloco_residencia`, `dsc_residencia`) VALUES (45, 1, "Bloco E", "Lote 5 ");
INSERT INTO `db_gecon`.`tb_residencia` (`idt_residencia`, `cod_condominio`, `dsc_bloco_residencia`, `dsc_residencia`) VALUES (46, 1, "Bloco E", "Lote 6 ");
INSERT INTO `db_gecon`.`tb_residencia` (`idt_residencia`, `cod_condominio`, `dsc_bloco_residencia`, `dsc_residencia`) VALUES (47, 1, "Bloco E", "Lote 7 ");
INSERT INTO `db_gecon`.`tb_residencia` (`idt_residencia`, `cod_condominio`, `dsc_bloco_residencia`, `dsc_residencia`) VALUES (48, 1, "Bloco E", "Lote 8 ");
INSERT INTO `db_gecon`.`tb_residencia` (`idt_residencia`, `cod_condominio`, `dsc_bloco_residencia`, `dsc_residencia`) VALUES (49, 1, "Bloco E", "Lote 9 ");
INSERT INTO `db_gecon`.`tb_residencia` (`idt_residencia`, `cod_condominio`, `dsc_bloco_residencia`, `dsc_residencia`) VALUES (50, 1, "Bloco E", "Lote 10");
INSERT INTO `db_gecon`.`tb_residencia` (`idt_residencia`, `cod_condominio`, `dsc_bloco_residencia`, `dsc_residencia`) VALUES (51, 1, "Bloco F", "Lote 1 ");
INSERT INTO `db_gecon`.`tb_residencia` (`idt_residencia`, `cod_condominio`, `dsc_bloco_residencia`, `dsc_residencia`) VALUES (52, 1, "Bloco F", "Lote 2 ");
INSERT INTO `db_gecon`.`tb_residencia` (`idt_residencia`, `cod_condominio`, `dsc_bloco_residencia`, `dsc_residencia`) VALUES (53, 1, "Bloco F", "Lote 3 ");
INSERT INTO `db_gecon`.`tb_residencia` (`idt_residencia`, `cod_condominio`, `dsc_bloco_residencia`, `dsc_residencia`) VALUES (54, 1, "Bloco F", "Lote 4 ");
INSERT INTO `db_gecon`.`tb_residencia` (`idt_residencia`, `cod_condominio`, `dsc_bloco_residencia`, `dsc_residencia`) VALUES (55, 1, "Bloco F", "Lote 5 ");
INSERT INTO `db_gecon`.`tb_residencia` (`idt_residencia`, `cod_condominio`, `dsc_bloco_residencia`, `dsc_residencia`) VALUES (56, 1, "Bloco F", "Lote 6 ");
INSERT INTO `db_gecon`.`tb_residencia` (`idt_residencia`, `cod_condominio`, `dsc_bloco_residencia`, `dsc_residencia`) VALUES (57, 1, "Bloco F", "Lote 7 ");
INSERT INTO `db_gecon`.`tb_residencia` (`idt_residencia`, `cod_condominio`, `dsc_bloco_residencia`, `dsc_residencia`) VALUES (58, 1, "Bloco F", "Lote 8 ");
INSERT INTO `db_gecon`.`tb_residencia` (`idt_residencia`, `cod_condominio`, `dsc_bloco_residencia`, `dsc_residencia`) VALUES (59, 1, "Bloco F", "Lote 9 ");
INSERT INTO `db_gecon`.`tb_residencia` (`idt_residencia`, `cod_condominio`, `dsc_bloco_residencia`, `dsc_residencia`) VALUES (61, 1, "Bloco F", "Lote 10");
INSERT INTO `db_gecon`.`tb_residencia` (`idt_residencia`, `cod_condominio`, `dsc_bloco_residencia`, `dsc_residencia`) VALUES (62, 1, "Bloco G", "Lote 1 ");
INSERT INTO `db_gecon`.`tb_residencia` (`idt_residencia`, `cod_condominio`, `dsc_bloco_residencia`, `dsc_residencia`) VALUES (63, 1, "Bloco G", "Lote 2 ");
INSERT INTO `db_gecon`.`tb_residencia` (`idt_residencia`, `cod_condominio`, `dsc_bloco_residencia`, `dsc_residencia`) VALUES (64, 1, "Bloco G", "Lote 3 ");
INSERT INTO `db_gecon`.`tb_residencia` (`idt_residencia`, `cod_condominio`, `dsc_bloco_residencia`, `dsc_residencia`) VALUES (65, 1, "Bloco G", "Lote 4 ");
INSERT INTO `db_gecon`.`tb_residencia` (`idt_residencia`, `cod_condominio`, `dsc_bloco_residencia`, `dsc_residencia`) VALUES (66, 1, "Bloco G", "Lote 5 ");
INSERT INTO `db_gecon`.`tb_residencia` (`idt_residencia`, `cod_condominio`, `dsc_bloco_residencia`, `dsc_residencia`) VALUES (67, 1, "Bloco G", "Lote 6 ");
INSERT INTO `db_gecon`.`tb_residencia` (`idt_residencia`, `cod_condominio`, `dsc_bloco_residencia`, `dsc_residencia`) VALUES (68, 1, "Bloco G", "Lote 7 ");
INSERT INTO `db_gecon`.`tb_residencia` (`idt_residencia`, `cod_condominio`, `dsc_bloco_residencia`, `dsc_residencia`) VALUES (69, 1, "Bloco G", "Lote 8 ");
INSERT INTO `db_gecon`.`tb_residencia` (`idt_residencia`, `cod_condominio`, `dsc_bloco_residencia`, `dsc_residencia`) VALUES (70, 1, "Bloco G", "Lote 9 ");
INSERT INTO `db_gecon`.`tb_residencia` (`idt_residencia`, `cod_condominio`, `dsc_bloco_residencia`, `dsc_residencia`) VALUES (71, 1, "Bloco G", "Lote 10");
INSERT INTO `db_gecon`.`tb_residencia` (`idt_residencia`, `cod_condominio`, `dsc_bloco_residencia`, `dsc_residencia`) VALUES (72, 1, "Bloco H", "Lote 1 ");
INSERT INTO `db_gecon`.`tb_residencia` (`idt_residencia`, `cod_condominio`, `dsc_bloco_residencia`, `dsc_residencia`) VALUES (73, 1, "Bloco H", "Lote 2 ");
INSERT INTO `db_gecon`.`tb_residencia` (`idt_residencia`, `cod_condominio`, `dsc_bloco_residencia`, `dsc_residencia`) VALUES (74, 1, "Bloco H", "Lote 3 ");
INSERT INTO `db_gecon`.`tb_residencia` (`idt_residencia`, `cod_condominio`, `dsc_bloco_residencia`, `dsc_residencia`) VALUES (75, 1, "Bloco H", "Lote 4 ");
INSERT INTO `db_gecon`.`tb_residencia` (`idt_residencia`, `cod_condominio`, `dsc_bloco_residencia`, `dsc_residencia`) VALUES (76, 1, "Bloco H", "Lote 5 ");
INSERT INTO `db_gecon`.`tb_residencia` (`idt_residencia`, `cod_condominio`, `dsc_bloco_residencia`, `dsc_residencia`) VALUES (77, 1, "Bloco H", "Lote 6 ");
INSERT INTO `db_gecon`.`tb_residencia` (`idt_residencia`, `cod_condominio`, `dsc_bloco_residencia`, `dsc_residencia`) VALUES (78, 1, "Bloco H", "Lote 7 ");
INSERT INTO `db_gecon`.`tb_residencia` (`idt_residencia`, `cod_condominio`, `dsc_bloco_residencia`, `dsc_residencia`) VALUES (79, 1, "Bloco H", "Lote 8 ");
INSERT INTO `db_gecon`.`tb_residencia` (`idt_residencia`, `cod_condominio`, `dsc_bloco_residencia`, `dsc_residencia`) VALUES (80, 1, "Bloco H", "Lote 9 ");
INSERT INTO `db_gecon`.`tb_residencia` (`idt_residencia`, `cod_condominio`, `dsc_bloco_residencia`, `dsc_residencia`) VALUES (81, 1, "Bloco H", "Lote 10");
INSERT INTO `db_gecon`.`tb_residencia` (`idt_residencia`, `cod_condominio`, `dsc_bloco_residencia`, `dsc_residencia`) VALUES (82, 1, "Bloco I", "Lote 1 ");
INSERT INTO `db_gecon`.`tb_residencia` (`idt_residencia`, `cod_condominio`, `dsc_bloco_residencia`, `dsc_residencia`) VALUES (83, 1, "Bloco I", "Lote 2 ");
INSERT INTO `db_gecon`.`tb_residencia` (`idt_residencia`, `cod_condominio`, `dsc_bloco_residencia`, `dsc_residencia`) VALUES (84, 1, "Bloco I", "Lote 3 ");
INSERT INTO `db_gecon`.`tb_residencia` (`idt_residencia`, `cod_condominio`, `dsc_bloco_residencia`, `dsc_residencia`) VALUES (85, 1, "Bloco I", "Lote 4 ");
INSERT INTO `db_gecon`.`tb_residencia` (`idt_residencia`, `cod_condominio`, `dsc_bloco_residencia`, `dsc_residencia`) VALUES (86, 1, "Bloco I", "Lote 5 ");
INSERT INTO `db_gecon`.`tb_residencia` (`idt_residencia`, `cod_condominio`, `dsc_bloco_residencia`, `dsc_residencia`) VALUES (87, 1, "Bloco I", "Lote 6 ");
INSERT INTO `db_gecon`.`tb_residencia` (`idt_residencia`, `cod_condominio`, `dsc_bloco_residencia`, `dsc_residencia`) VALUES (88, 1, "Bloco I", "Lote 7 ");
INSERT INTO `db_gecon`.`tb_residencia` (`idt_residencia`, `cod_condominio`, `dsc_bloco_residencia`, `dsc_residencia`) VALUES (89, 1, "Bloco I", "Lote 8 ");
INSERT INTO `db_gecon`.`tb_residencia` (`idt_residencia`, `cod_condominio`, `dsc_bloco_residencia`, `dsc_residencia`) VALUES (90, 1, "Bloco I", "Lote 9 ");
INSERT INTO `db_gecon`.`tb_residencia` (`idt_residencia`, `cod_condominio`, `dsc_bloco_residencia`, `dsc_residencia`) VALUES (91, 1, "Bloco I", "Lote 10");

INSERT INTO `db_gecon`.`tb_garagem` (`cod_residencia`, `dsc_garagem`) VALUES (1 , "001");
INSERT INTO `db_gecon`.`tb_garagem` (`cod_residencia`, `dsc_garagem`) VALUES (2 , "002");
INSERT INTO `db_gecon`.`tb_garagem` (`cod_residencia`, `dsc_garagem`) VALUES (3 , "003");
INSERT INTO `db_gecon`.`tb_garagem` (`cod_residencia`, `dsc_garagem`) VALUES (4 , "004");
INSERT INTO `db_gecon`.`tb_garagem` (`cod_residencia`, `dsc_garagem`) VALUES (5 , "005");
INSERT INTO `db_gecon`.`tb_garagem` (`cod_residencia`, `dsc_garagem`) VALUES (6 , "006");
INSERT INTO `db_gecon`.`tb_garagem` (`cod_residencia`, `dsc_garagem`) VALUES (7 , "007");
INSERT INTO `db_gecon`.`tb_garagem` (`cod_residencia`, `dsc_garagem`) VALUES (8 , "008");
INSERT INTO `db_gecon`.`tb_garagem` (`cod_residencia`, `dsc_garagem`) VALUES (9 , "009");
INSERT INTO `db_gecon`.`tb_garagem` (`cod_residencia`, `dsc_garagem`) VALUES (10, "010");
INSERT INTO `db_gecon`.`tb_garagem` (`cod_residencia`, `dsc_garagem`) VALUES (11, "011");

INSERT INTO `db_gecon`.`ta_morador` (`idt_morador`, `cod_pessoa`, `cod_residencia`) VALUES (1 , 1 , 1 );
INSERT INTO `db_gecon`.`ta_morador` (`idt_morador`, `cod_pessoa`, `cod_residencia`) VALUES (2 , 2 , 2 );
INSERT INTO `db_gecon`.`ta_morador` (`idt_morador`, `cod_pessoa`, `cod_residencia`) VALUES (3 , 3 , 3 );
INSERT INTO `db_gecon`.`ta_morador` (`idt_morador`, `cod_pessoa`, `cod_residencia`) VALUES (4 , 4 , 4 );
INSERT INTO `db_gecon`.`ta_morador` (`idt_morador`, `cod_pessoa`, `cod_residencia`) VALUES (5 , 5 , 5 );
INSERT INTO `db_gecon`.`ta_morador` (`idt_morador`, `cod_pessoa`, `cod_residencia`) VALUES (6 , 6 , 6 );
INSERT INTO `db_gecon`.`ta_morador` (`idt_morador`, `cod_pessoa`, `cod_residencia`) VALUES (7 , 7 , 7 );
INSERT INTO `db_gecon`.`ta_morador` (`idt_morador`, `cod_pessoa`, `cod_residencia`) VALUES (8 , 8 , 8 );
INSERT INTO `db_gecon`.`ta_morador` (`idt_morador`, `cod_pessoa`, `cod_residencia`) VALUES (9 , 9 , 9 );
INSERT INTO `db_gecon`.`ta_morador` (`idt_morador`, `cod_pessoa`, `cod_residencia`) VALUES (10, 10, 10);


INSERT INTO `db_gecon`.`tb_pessoa` (`idt_pessoa`, `nme_pessoa`, `cpf_pessoa`, `dta_nasc_pessoa`, `eml_pessoa`, `tel_pessoa`) VALUES (11,"administrador", "12345678909", "1994-09-08", "admin@sempreceub.com", "61984962717");
INSERT INTO `db_gecon`.`ta_morador` (`idt_morador`, `cod_pessoa`, `cod_residencia`) VALUES (11, 11, 91);
INSERT INTO `db_gecon`.`tb_usuario` (`idt_usuario`, `nme_usuario`, `pwd_usuario`, `cod_morador`, `cod_perfil`) VALUES (1, "admin", "admin", 11, 1);

INSERT INTO `db_gecon`.`tb_pessoa` (`idt_pessoa`, `nme_pessoa`, `cpf_pessoa`, `dta_nasc_pessoa`, `eml_pessoa`, `tel_pessoa`) VALUES (12,"funcionario1", "12345678909", "1994-09-08", "admin@sempreceub.com", "61984962717");
INSERT INTO `db_gecon`.`ta_morador` (`idt_morador`, `cod_pessoa`, `cod_residencia`) VALUES (12, 12, 90);
INSERT INTO `db_gecon`.`tb_usuario` (`idt_usuario`, `nme_usuario`, `pwd_usuario`, `cod_morador`, `cod_perfil`) VALUES (2, "funcionario1", "funcionario1", 12, 2);


INSERT INTO `db_gecon`.`tb_usuario` (`idt_usuario`, `nme_usuario`, `pwd_usuario`, `cod_morador`, `cod_perfil`) VALUES (3 , "heitorrodrigojosealmeida@email.com"				, "123456", 1 , 3);
INSERT INTO `db_gecon`.`tb_usuario` (`idt_usuario`, `nme_usuario`, `pwd_usuario`, `cod_morador`, `cod_perfil`) VALUES (4 , "aanthonykevinmoreira@bzness.com"				, "123456", 2 , 3);
INSERT INTO `db_gecon`.`tb_usuario` (`idt_usuario`, `nme_usuario`, `pwd_usuario`, `cod_morador`, `cod_perfil`) VALUES (5 , "jorgehugodacruz@carreira.com"					, "123456", 3 , 3);
INSERT INTO `db_gecon`.`tb_usuario` (`idt_usuario`, `nme_usuario`, `pwd_usuario`, `cod_morador`, `cod_perfil`) VALUES (6 , "ricardobrenoalves@me.com"						, "123456", 4 , 3);
INSERT INTO `db_gecon`.`tb_usuario` (`idt_usuario`, `nme_usuario`, `pwd_usuario`, `cod_morador`, `cod_perfil`) VALUES (7 , "victorkaiquecardoso@hpelzer.com"				, "123456", 5 , 3);
INSERT INTO `db_gecon`.`tb_usuario` (`idt_usuario`, `nme_usuario`, `pwd_usuario`, `cod_morador`, `cod_perfil`) VALUES (8 , "louisegabrielafigueiredo@zootecnista.com.br"	, "123456", 6 , 3);
INSERT INTO `db_gecon`.`tb_usuario` (`idt_usuario`, `nme_usuario`, `pwd_usuario`, `cod_morador`, `cod_perfil`) VALUES (9 , "sandraagathacaldeira@uol.om.br"					, "123456", 7 , 3);
INSERT INTO `db_gecon`.`tb_usuario` (`idt_usuario`, `nme_usuario`, `pwd_usuario`, `cod_morador`, `cod_perfil`) VALUES (11, "daianesilvanaassuncao-77@infolink.com.br"		, "123456", 8 , 3);
INSERT INTO `db_gecon`.`tb_usuario` (`idt_usuario`, `nme_usuario`, `pwd_usuario`, `cod_morador`, `cod_perfil`) VALUES (12, "laradaianeaparicio@dpf.gov.br"					, "123456", 9 , 3);
INSERT INTO `db_gecon`.`tb_usuario` (`idt_usuario`, `nme_usuario`, `pwd_usuario`, `cod_morador`, `cod_perfil`) VALUES (13, "marlenelarafernandes-85@profemme.com.br"		, "123456", 10, 3);